round 0 , 
index, 0, mi, 0.0425810236150721, mrmr, 0.0425810236150721, dimrmr, 0.0425810236150721, di, 1, c_ratio, -0.0425810236150721, avg dep, 0, complementary info, 0, comp info red, -0.0425810236150721, JMI red, 0
index, 1, mi, 0.046015309177701136, mrmr, 0.046015309177701136, dimrmr, 0.046015309177701136, di, 1, c_ratio, -0.046015309177701136, avg dep, 0, complementary info, 0, comp info red, -0.046015309177701136, JMI red, 0
index, 2, mi, 0.19894439406736475, mrmr, 0.19894439406736475, dimrmr, 0.19894439406736475, di, 1, c_ratio, -0.19894439406736475, avg dep, 0, complementary info, 0, comp info red, -0.19894439406736475, JMI red, 0
index, 3, mi, 0.27811453335636027, mrmr, 0.27811453335636027, dimrmr, 0.27811453335636027, di, 1, c_ratio, -0.27811453335636027, avg dep, 0, complementary info, 0, comp info red, -0.27811453335636027, JMI red, 0
index, 4, mi, 0.20367432639058536, mrmr, 0.20367432639058536, dimrmr, 0.20367432639058536, di, 1, c_ratio, -0.20367432639058536, avg dep, 0, complementary info, 0, comp info red, -0.20367432639058536, JMI red, 0
index, 5, mi, 0.3198890796854017, mrmr, 0.3198890796854017, dimrmr, 0.3198890796854017, di, 1, c_ratio, -0.3198890796854017, avg dep, 0, complementary info, 0, comp info red, -0.3198890796854017, JMI red, 0
index, 6, mi, 0.03848058348234207, mrmr, 0.03848058348234207, dimrmr, 0.03848058348234207, di, 1, c_ratio, -0.03848058348234207, avg dep, 0, complementary info, 0, comp info red, -0.03848058348234207, JMI red, 0
index, 7, mi, 0.06407145684980198, mrmr, 0.06407145684980198, dimrmr, 0.06407145684980198, di, 1, c_ratio, -0.06407145684980198, avg dep, 0, complementary info, 0, comp info red, -0.06407145684980198, JMI red, 0
index, 8, mi, 0.09901956507342513, mrmr, 0.09901956507342513, dimrmr, 0.09901956507342513, di, 1, c_ratio, -0.09901956507342513, avg dep, 0, complementary info, 0, comp info red, -0.09901956507342513, JMI red, 0
index, 9, mi, 0.05645165010223829, mrmr, 0.05645165010223829, dimrmr, 0.05645165010223829, di, 1, c_ratio, -0.05645165010223829, avg dep, 0, complementary info, 0, comp info red, -0.05645165010223829, JMI red, 0
index, 10, mi, 0.1981748810914019, mrmr, 0.1981748810914019, dimrmr, 0.1981748810914019, di, 1, c_ratio, -0.1981748810914019, avg dep, 0, complementary info, 0, comp info red, -0.1981748810914019, JMI red, 0
index, 11, mi, 0.2036328390553388, mrmr, 0.2036328390553388, dimrmr, 0.2036328390553388, di, 1, c_ratio, -0.2036328390553388, avg dep, 0, complementary info, 0, comp info red, -0.2036328390553388, JMI red, 0
index, 12, mi, 0.00010368209191258249, mrmr, 0.00010368209191258249, dimrmr, 0.00010368209191258249, di, 1, c_ratio, -0.00010368209191258249, avg dep, 0, complementary info, 0, comp info red, -0.00010368209191258249, JMI red, 0
index, 13, mi, 0.20384040593822395, mrmr, 0.20384040593822395, dimrmr, 0.20384040593822395, di, 1, c_ratio, -0.20384040593822395, avg dep, 0, complementary info, 0, comp info red, -0.20384040593822395, JMI red, 0
index, 14, mi, 0.07514072167990582, mrmr, 0.07514072167990582, dimrmr, 0.07514072167990582, di, 1, c_ratio, -0.07514072167990582, avg dep, 0, complementary info, 0, comp info red, -0.07514072167990582, JMI red, 0
index, 15, mi, 0.07458184823017633, mrmr, 0.07458184823017633, dimrmr, 0.07458184823017633, di, 1, c_ratio, -0.07458184823017633, avg dep, 0, complementary info, 0, comp info red, -0.07458184823017633, JMI red, 0
index, 16, mi, 0.0746180482769232, mrmr, 0.0746180482769232, dimrmr, 0.0746180482769232, di, 1, c_ratio, -0.0746180482769232, avg dep, 0, complementary info, 0, comp info red, -0.0746180482769232, JMI red, 0
index, 17, mi, 0.07460356675458502, mrmr, 0.07460356675458502, dimrmr, 0.07460356675458502, di, 1, c_ratio, -0.07460356675458502, avg dep, 0, complementary info, 0, comp info red, -0.07460356675458502, JMI red, 0
index, 18, mi, 0.0010134988757222185, mrmr, 0.0010134988757222185, dimrmr, 0.0010134988757222185, di, 1, c_ratio, -0.0010134988757222185, avg dep, 0, complementary info, 0, comp info red, -0.0010134988757222185, JMI red, 0
index, 19, mi, 0.2191221110209427, mrmr, 0.2191221110209427, dimrmr, 0.2191221110209427, di, 1, c_ratio, -0.2191221110209427, avg dep, 0, complementary info, 0, comp info red, -0.2191221110209427, JMI red, 0
index, 20, mi, 0.0014817867850641653, mrmr, 0.0014817867850641653, dimrmr, 0.0014817867850641653, di, 1, c_ratio, -0.0014817867850641653, avg dep, 0, complementary info, 0, comp info red, -0.0014817867850641653, JMI red, 0
index, 21, mi, 0.00809659135815366, mrmr, 0.00809659135815366, dimrmr, 0.00809659135815366, di, 1, c_ratio, -0.00809659135815366, avg dep, 0, complementary info, 0, comp info red, -0.00809659135815366, JMI red, 0
index, 22, mi, 0.08153573166847417, mrmr, 0.08153573166847417, dimrmr, 0.08153573166847417, di, 1, c_ratio, -0.08153573166847417, avg dep, 0, complementary info, 0, comp info red, -0.08153573166847417, JMI red, 0
index, 23, mi, 0.0975124150916018, mrmr, 0.0975124150916018, dimrmr, 0.0975124150916018, di, 1, c_ratio, -0.0975124150916018, avg dep, 0, complementary info, 0, comp info red, -0.0975124150916018, JMI red, 0
index, 24, mi, 0.06775146922176023, mrmr, 0.06775146922176023, dimrmr, 0.06775146922176023, di, 1, c_ratio, -0.06775146922176023, avg dep, 0, complementary info, 0, comp info red, -0.06775146922176023, JMI red, 0
index, 25, mi, 0.06775146922176023, mrmr, 0.06775146922176023, dimrmr, 0.06775146922176023, di, 1, c_ratio, -0.06775146922176023, avg dep, 0, complementary info, 0, comp info red, -0.06775146922176023, JMI red, 0
index, 26, mi, 0.09876251624374954, mrmr, 0.09876251624374954, dimrmr, 0.09876251624374954, di, 1, c_ratio, -0.09876251624374954, avg dep, 0, complementary info, 0, comp info red, -0.09876251624374954, JMI red, 0
index, 27, mi, 0.20365358109689957, mrmr, 0.20365358109689957, dimrmr, 0.20365358109689957, di, 1, c_ratio, -0.20365358109689957, avg dep, 0, complementary info, 0, comp info red, -0.20365358109689957, JMI red, 0
index, 28, mi, 0.03704003929000288, mrmr, 0.03704003929000288, dimrmr, 0.03704003929000288, di, 1, c_ratio, -0.03704003929000288, avg dep, 0, complementary info, 0, comp info red, -0.03704003929000288, JMI red, 0
index, 29, mi, 0.03554367415064086, mrmr, 0.03554367415064086, dimrmr, 0.03554367415064086, di, 1, c_ratio, -0.03554367415064086, avg dep, 0, complementary info, 0, comp info red, -0.03554367415064086, JMI red, 0
index, 30, mi, 0.03704320780177894, mrmr, 0.03704320780177894, dimrmr, 0.03704320780177894, di, 1, c_ratio, -0.03704320780177894, avg dep, 0, complementary info, 0, comp info red, -0.03704320780177894, JMI red, 0
index, 31, mi, 0.0003436919347372669, mrmr, 0.0003436919347372669, dimrmr, 0.0003436919347372669, di, 1, c_ratio, -0.0003436919347372669, avg dep, 0, complementary info, 0, comp info red, -0.0003436919347372669, JMI red, 0
index, 32, mi, 0.46850444523995527, mrmr, 0.46850444523995527, dimrmr, 0.46850444523995527, di, 1, c_ratio, -0.46850444523995527, avg dep, 0, complementary info, 0, comp info red, -0.46850444523995527, JMI red, 0
index, 33, mi, 4.947992971415793e-05, mrmr, 4.947992971415793e-05, dimrmr, 4.947992971415793e-05, di, 1, c_ratio, -4.947992971415793e-05, avg dep, 0, complementary info, 0, comp info red, -4.947992971415793e-05, JMI red, 0
index, 34, mi, 0.001253747858827703, mrmr, 0.001253747858827703, dimrmr, 0.001253747858827703, di, 1, c_ratio, -0.001253747858827703, avg dep, 0, complementary info, 0, comp info red, -0.001253747858827703, JMI red, 0
index, 35, mi, 0.001260410036272197, mrmr, 0.001260410036272197, dimrmr, 0.001260410036272197, di, 1, c_ratio, -0.001260410036272197, avg dep, 0, complementary info, 0, comp info red, -0.001260410036272197, JMI red, 0
index, 36, mi, 0.10197379978544929, mrmr, 0.10197379978544929, dimrmr, 0.10197379978544929, di, 1, c_ratio, -0.10197379978544929, avg dep, 0, complementary info, 0, comp info red, -0.10197379978544929, JMI red, 0
index, 37, mi, 0.10397153034086437, mrmr, 0.10397153034086437, dimrmr, 0.10397153034086437, di, 1, c_ratio, -0.10397153034086437, avg dep, 0, complementary info, 0, comp info red, -0.10397153034086437, JMI red, 0
index, 38, mi, 0.0887248962622127, mrmr, 0.0887248962622127, dimrmr, 0.0887248962622127, di, 1, c_ratio, -0.0887248962622127, avg dep, 0, complementary info, 0, comp info red, -0.0887248962622127, JMI red, 0
index, 39, mi, 0.08519195181926387, mrmr, 0.08519195181926387, dimrmr, 0.08519195181926387, di, 1, c_ratio, -0.08519195181926387, avg dep, 0, complementary info, 0, comp info red, -0.08519195181926387, JMI red, 0
index, 40, mi, 0.11100867555197125, mrmr, 0.11100867555197125, dimrmr, 0.11100867555197125, di, 1, c_ratio, -0.11100867555197125, avg dep, 0, complementary info, 0, comp info red, -0.11100867555197125, JMI red, 0
index, 41, mi, 0.14309265874099886, mrmr, 0.14309265874099886, dimrmr, 0.14309265874099886, di, 1, c_ratio, -0.14309265874099886, avg dep, 0, complementary info, 0, comp info red, -0.14309265874099886, JMI red, 0
index, 42, mi, 0.12943620412934265, mrmr, 0.12943620412934265, dimrmr, 0.12943620412934265, di, 1, c_ratio, -0.12943620412934265, avg dep, 0, complementary info, 0, comp info red, -0.12943620412934265, JMI red, 0
round 1 , 
index, 0, mi, 0.0425810236150721, mrmr, 0.0041462491865628115, dimrmr, 0.0033635554732440284, di, 0.8112284915592287, c_ratio, -0.03793694697143568, avg dep, 0.004644076643636419, complementary info, 0.4305674982685197, comp info red, 0.3879864746534476, JMI red, 0.03793694697143568
index, 1, mi, 0.046015309177701136, mrmr, -0.0007592556919875371, dimrmr, -0.0006287534207988848, di, 0.8281181523354395, c_ratio, -0.04109735102183043, avg dep, 0.004917958155870705, complementary info, 0.42740709421812473, comp info red, 0.3813917850404236, JMI red, 0.04109735102183043
index, 2, mi, 0.19894439406736475, mrmr, 0.006149953308019596, dimrmr, 0.0029417065264229774, di, 0.47832989603139997, c_ratio, -0.18736451391179765, avg dep, 0.011579880155567102, complementary info, 0.2811399313281575, comp info red, 0.08219553726079276, JMI red, 0.18736451391179765
index, 3, mi, 0.27811453335636027, mrmr, -0.009267498915214278, dimrmr, -0.0026911094511635003, di, 0.2903814152862275, c_ratio, -0.26898984585466656, avg dep, 0.009124687501693707, complementary info, 0.1995145993852887, comp info red, -0.07859993397107157, JMI red, 0.26898984585466656
index, 4, mi, 0.20367432639058536, mrmr, 0.004716679761593623, dimrmr, 0.0022074435617697413, di, 0.46800793637597166, c_ratio, -0.19253699142977987, avg dep, 0.01113733496080549, complementary info, 0.2759674538101755, comp info red, 0.07229312741959015, JMI red, 0.19253699142977987
index, 5, mi, 0.3198890796854017, mrmr, -0.03346986479552183, dimrmr, -0.007914462199244503, di, 0.2364653173114531, c_ratio, -0.3135385821220338, avg dep, 0.006350497563367918, complementary info, 0.1549658631179216, comp info red, -0.1649232165674801, JMI red, 0.3135385821220338
index, 6, mi, 0.03848058348234207, mrmr, -0.04753073164690946, dimrmr, -0.04095608970014359, di, 0.8616759784888907, c_ratio, -0.023799467753835235, avg dep, 0.014681115728506833, complementary info, 0.44470497748612003, comp info red, 0.40622439400377797, JMI red, 0.023799467753835235
index, 7, mi, 0.06407145684980198, mrmr, 0.012180739830192744, dimrmr, 0.009812635354843858, di, 0.8055861541776799, c_ratio, -0.05173186111389838, avg dep, 0.012339595735903597, complementary info, 0.4167725841260568, comp info red, 0.3527011272762548, JMI red, 0.05173186111389838
index, 8, mi, 0.09901956507342513, mrmr, -0.012122049010624636, dimrmr, -0.008403636176821173, di, 0.6932521201205853, c_ratio, -0.09834876221286093, avg dep, 0.0006708028605642014, complementary info, 0.37015568302709445, comp info red, 0.2711361179536693, JMI red, 0.09834876221286093
index, 9, mi, 0.05645165010223829, mrmr, 0.016165182759434682, dimrmr, 0.013778417077237457, di, 0.8523514569729063, c_ratio, -0.0325127129803231, avg dep, 0.023938937121915194, complementary info, 0.4359917322596323, comp info red, 0.379540082157394, JMI red, 0.0325127129803231
index, 10, mi, 0.1981748810914019, mrmr, 0.016260105502135858, dimrmr, 0.008021538964402655, di, 0.49332637868487267, c_ratio, -0.18011251990038235, avg dep, 0.01806236119101956, complementary info, 0.28839192533957303, comp info red, 0.09021704424817112, JMI red, 0.18011251990038235
index, 11, mi, 0.2036328390553388, mrmr, 0.004719693978763928, dimrmr, 0.0022092971890317037, di, 0.4681017877371599, c_ratio, -0.1924954740784317, avg dep, 0.011137364976907094, complementary info, 0.2760089711615237, comp info red, 0.07237613210618488, JMI red, 0.1924954740784317
index, 12, mi, 0.00010368209191258249, mrmr, -0.004005397938104727, dimrmr, -0.003823553411295762, di, 0.9546001347134538, c_ratio, 0.004801813463571336, avg dep, 0.004905495555483919, complementary info, 0.4733062587035266, comp info red, 0.473202576611614, JMI red, -0.004801813463571336
index, 13, mi, 0.20384040593822395, mrmr, 0.004704605835604614, dimrmr, 0.0022000255746322753, di, 0.4676322845120007, c_ratio, -0.19270319102621536, avg dep, 0.011137214912008586, complementary info, 0.2758012542137398, comp info red, 0.07196084827551585, JMI red, 0.19270319102621536
index, 14, mi, 0.07514072167990582, mrmr, 0.014930868641346517, dimrmr, 0.011724916997168834, di, 0.7852802994127367, c_ratio, -0.059850512832779534, avg dep, 0.015290208847126285, complementary info, 0.40865393240717585, comp info red, 0.33351321072727, JMI red, 0.059850512832779534
index, 15, mi, 0.07458184823017633, mrmr, 0.011473803335620536, dimrmr, 0.008919009426776809, di, 0.7773367876271381, c_ratio, -0.06309611699486295, avg dep, 0.011485731235313379, complementary info, 0.4054083282450923, comp info red, 0.330826480014916, JMI red, 0.06309611699486295
index, 16, mi, 0.0746180482769232, mrmr, 0.011473966764197874, dimrmr, 0.008918112063237681, di, 0.7772475070317263, c_ratio, -0.06313215838251751, avg dep, 0.011485889894405688, complementary info, 0.40537228685743776, comp info red, 0.33075423858051456, JMI red, 0.06313215838251751
index, 17, mi, 0.07460356675458502, mrmr, 0.011473901553489929, dimrmr, 0.008918471177719715, di, 0.7772832228116034, c_ratio, -0.06311774033065598, avg dep, 0.011485826423929035, complementary info, 0.4053867049092993, comp info red, 0.3307831381547143, JMI red, 0.06311774033065598
index, 18, mi, 0.0010134988757222185, mrmr, 0.000546210376944023, dimrmr, 0.0005284637728370894, di, 0.9675095808208121, c_ratio, 0.010258402786094578, avg dep, 0.011271901661816797, complementary info, 0.47876284802604996, comp info red, 0.47774934915032774, JMI red, -0.010258402786094578
index, 19, mi, 0.2191221110209427, mrmr, -0.013299873727977696, dimrmr, -0.005622701003142139, di, 0.4227634876949389, c_ratio, -0.21479047752081382, avg dep, 0.004331633500128884, complementary info, 0.25371396771914156, comp info red, 0.034591856698198864, JMI red, 0.21479047752081382
index, 20, mi, 0.0014817867850641653, mrmr, 0.00012568758037645456, dimrmr, 0.00011729935386575407, di, 0.9332612937127408, c_ratio, -0.0012629565457026315, avg dep, 0.00021883023936153378, complementary info, 0.46724148869425264, comp info red, 0.4657597019091885, JMI red, 0.0012629565457026315
index, 21, mi, 0.00809659135815366, mrmr, -0.001525281961411995, dimrmr, -0.0013923970275423181, di, 0.9128784465878941, c_ratio, -0.007907851154783208, avg dep, 0.00018874020337045216, complementary info, 0.46059659408517206, comp info red, 0.4525000027270184, JMI red, 0.007907851154783208
index, 22, mi, 0.08153573166847417, mrmr, 0.01288302499759264, dimrmr, 0.009842728651718325, di, 0.7640075722555507, c_ratio, -0.06836877505163819, avg dep, 0.013166956616835979, complementary info, 0.4001356701883171, comp info red, 0.3185999385198429, JMI red, 0.06836877505163819
index, 23, mi, 0.0975124150916018, mrmr, 0.00624244972731236, dimrmr, 0.004442348387966788, di, 0.711635428721251, c_ratio, -0.08985348220011558, avg dep, 0.007658932891486225, complementary info, 0.3786509630398398, comp info red, 0.281138547948238, JMI red, 0.08985348220011558
index, 24, mi, 0.06775146922176023, mrmr, -0.0016732990686394444, dimrmr, -0.0012913370564538867, di, 0.7717311750516122, c_ratio, -0.06549388164395664, avg dep, 0.002257587577803588, complementary info, 0.40301056359599885, comp info red, 0.3352590943742386, JMI red, 0.06549388164395664
index, 25, mi, 0.06775146922176023, mrmr, -0.0016732990686394444, dimrmr, -0.0012913370564538867, di, 0.7717311750516122, c_ratio, -0.06549388164395664, avg dep, 0.002257587577803588, complementary info, 0.40301056359599885, comp info red, 0.3352590943742386, JMI red, 0.06549388164395664
index, 26, mi, 0.09876251624374954, mrmr, 0.01355034141156497, dimrmr, 0.009755948707297525, di, 0.7199780736868372, c_ratio, -0.08494371857102467, avg dep, 0.01381879767272487, complementary info, 0.3835607266689306, comp info red, 0.28479821042518105, JMI red, 0.08494371857102467
index, 27, mi, 0.20365358109689957, mrmr, 0.004718187083120551, dimrmr, 0.002208370418869222, di, 0.4680548651344773, c_ratio, -0.19251623112823846, avg dep, 0.011137349968661114, complementary info, 0.2759882141117167, comp info red, 0.07233463301481713, JMI red, 0.19251623112823846
index, 28, mi, 0.03704003929000288, mrmr, -0.04949439495780128, dimrmr, -0.04231707463502503, di, 0.8549872095841236, c_ratio, -0.025931886512376656, avg dep, 0.011108152777626223, complementary info, 0.4425725587275786, comp info red, 0.40553251943757573, JMI red, 0.025931886512376656
index, 29, mi, 0.03554367415064086, mrmr, -0.04722708352301008, dimrmr, -0.04061447147132218, di, 0.859982629491273, c_ratio, -0.02435695472720978, avg dep, 0.01118671942343108, complementary info, 0.4441474905127456, comp info red, 0.40860381636210474, JMI red, 0.02435695472720978
index, 30, mi, 0.03704320780177894, mrmr, -0.04982116824362648, dimrmr, -0.04259920596147522, di, 0.8550422935320239, c_ratio, -0.02590293649502251, avg dep, 0.011140271306756433, complementary info, 0.44260150874493287, comp info red, 0.4055583009431539, JMI red, 0.02590293649502251
index, 31, mi, 0.0003436919347372669, mrmr, -0.0046128669214045015, dimrmr, -0.004410974648674449, di, 0.9562327992179359, c_ratio, 0.005233926443932169, avg dep, 0.0055776183786694356, complementary info, 0.47373837168388744, comp info red, 0.47339467974915017, JMI red, -0.005233926443932169
index, 33, mi, 4.947992971415793e-05, mrmr, 9.625018078884828e-06, dimrmr, 9.017479314008126e-06, di, 0.9368792079248653, c_ratio, -3.504360231632031e-05, avg dep, 1.4436327397837623e-05, complementary info, 0.46846940163763906, comp info red, 0.4684199217079249, JMI red, 3.504360231632031e-05
index, 34, mi, 0.001253747858827703, mrmr, -0.00021469335643753418, dimrmr, -0.00020026738976825837, di, 0.9328066461456943, c_ratio, -0.0012393679924255219, avg dep, 1.437986640218103e-05, complementary info, 0.46726507724752975, comp info red, 0.46601132938870204, JMI red, 0.0012393679924255219
index, 35, mi, 0.001260410036272197, mrmr, -0.00021581467316578173, dimrmr, -0.0002013084910750646, di, 0.9327840786822963, c_ratio, -0.0012459889849781858, avg dep, 1.4421051294011278e-05, complementary info, 0.467258456254977, comp info red, 0.4659980462187048, JMI red, 0.0012459889849781858
index, 36, mi, 0.10197379978544929, mrmr, 0.01280995938929963, dimrmr, 0.009024907879987573, di, 0.7045227549687806, c_ratio, -0.08843694812235592, avg dep, 0.013536851663093374, complementary info, 0.38006749711759924, comp info red, 0.27809369733214995, JMI red, 0.08843694812235592
index, 37, mi, 0.10397153034086437, mrmr, 0.012970631439489955, dimrmr, 0.009081783053578091, di, 0.7001804882010597, c_ratio, -0.09028753656371902, avg dep, 0.013683993777145353, complementary info, 0.37821690867623614, comp info red, 0.27424537833537177, JMI red, 0.09028753656371902
index, 38, mi, 0.0887248962622127, mrmr, 0.012675150447563732, dimrmr, 0.009354852900887743, di, 0.7380466953499414, c_ratio, -0.07485429732012694, avg dep, 0.013870598942085755, complementary info, 0.3936501479198282, comp info red, 0.3049252516576155, JMI red, 0.07485429732012694
index, 39, mi, 0.08519195181926387, mrmr, 0.011112206078252918, dimrmr, 0.008212290776388376, di, 0.7390333403247619, c_ratio, -0.07343921120541874, avg dep, 0.011752740613845125, complementary info, 0.39506523403453664, comp info red, 0.30987328221527277, JMI red, 0.07343921120541874
index, 40, mi, 0.11100867555197125, mrmr, 0.015770012177624526, dimrmr, 0.010912111797700453, di, 0.691953289242429, c_ratio, -0.09396181151301186, avg dep, 0.017046864038959386, complementary info, 0.3745426337269433, comp info red, 0.26353395817497205, JMI red, 0.09396181151301186
index, 41, mi, 0.14309265874099886, mrmr, 0.0166434175039738, dimrmr, 0.010308164119607725, di, 0.6193538146325138, c_ratio, -0.12602780139951042, avg dep, 0.017064857341488437, complementary info, 0.34247664384044474, comp info red, 0.19938398509944588, JMI red, 0.12602780139951042
index, 42, mi, 0.12943620412934265, mrmr, 0.01102770369385575, dimrmr, 0.00699188046515292, di, 0.6340286844167341, c_ratio, -0.11753659796848726, avg dep, 0.011899606160855392, complementary info, 0.3509678472714681, comp info red, 0.22153164314212548, JMI red, 0.11753659796848726
round 2 , 
index, 0, mi, 0.0425810236150721, mrmr, 0.019514998276938256, dimrmr, 0.009688694035439841, di, 0.4964742449856839, c_ratio, -0.010280254800090927, avg dep, 0.03230076881498117, complementary info, 0.25219779287100585, comp info red, 0.20961676925593375, JMI red, 0.010280254800090927
index, 1, mi, 0.046015309177701136, mrmr, -0.02748079684822302, dimrmr, -0.014844938215651167, di, 0.5401931500618432, c_ratio, 0.006326279405061475, avg dep, 0.05234158858276261, complementary info, 0.2688043270761581, comp info red, 0.22278901789845695, JMI red, -0.006326279405061475
index, 2, mi, 0.19894439406736475, mrmr, -0.015391859189250234, dimrmr, -0.004016931542678505, di, 0.2609776696426611, c_ratio, -0.11839583309341573, avg dep, 0.08054856097394902, complementary info, 0.1440822145776809, comp info red, -0.05486217948968386, JMI red, 0.11839583309341573
index, 3, mi, 0.27811453335636027, mrmr, 0.07350987885859916, dimrmr, 0.014991422793595588, di, 0.203937525491404, c_ratio, -0.14322021860946044, avg dep, 0.13489431474689983, complementary info, 0.11925782906163629, comp info red, -0.15885670429472398, JMI red, 0.14322021860946044
index, 4, mi, 0.20367432639058536, mrmr, -0.010413439873071972, dimrmr, -0.0026763388085664372, di, 0.2570081395953665, c_ratio, -0.12046297666636241, avg dep, 0.08321134972422295, complementary info, 0.14201507100473443, comp info red, -0.06165925538585093, JMI red, 0.12046297666636241
index, 5, mi, 0.3198890796854017, mrmr, 0.05839516529144906, dimrmr, 0.008056890737611755, di, 0.13797187999040642, c_ratio, -0.18245369519194443, avg dep, 0.13743538449345727, complementary info, 0.0800243524791524, comp info red, -0.2398647272062493, JMI red, 0.18245369519194443
index, 6, mi, 0.03848058348234207, mrmr, -0.013803306308301455, dimrmr, -0.007343565910961054, di, 0.5320149931429512, c_ratio, 0.00261957752068126, avg dep, 0.04110016100302333, complementary info, 0.26509762519177793, comp info red, 0.22661704170943586, JMI red, -0.00261957752068126
index, 7, mi, 0.06407145684980198, mrmr, -0.2048192186497808, dimrmr, -0.08380951900131887, di, 0.40918776838331894, c_ratio, -0.05090133099908889, avg dep, 0.013170125850713088, complementary info, 0.21157671667200784, comp info red, 0.14750525982220586, JMI red, 0.05090133099908889
index, 8, mi, 0.09901956507342513, mrmr, -0.17618509951624894, dimrmr, -0.062412860717563315, di, 0.3542459656856918, c_ratio, -0.07618193696459052, avg dep, 0.022837628108834607, complementary info, 0.1862961107065063, comp info red, 0.08727654563308118, JMI red, 0.07618193696459052
index, 10, mi, 0.1981748810914019, mrmr, -0.015608447477449827, dimrmr, -0.004222623614889685, di, 0.2705345051767823, c_ratio, -0.11362333284811443, avg dep, 0.08455154824328748, complementary info, 0.1488547148229824, comp info red, -0.04932016626841951, JMI red, 0.11362333284811443
index, 11, mi, 0.2036328390553388, mrmr, -0.010524148403838307, dimrmr, -0.0027053787870408427, di, 0.2570639146492986, c_ratio, -0.12043640215230911, avg dep, 0.08319643690302969, complementary info, 0.14204164551878773, comp info red, -0.06159119353655107, JMI red, 0.12043640215230911
index, 12, mi, 0.00010368209191258249, mrmr, -0.0023472603230521583, dimrmr, -0.0012484737793408856, di, 0.5318855207834327, c_ratio, 0.0023643446028295267, avg dep, 0.0024680266947421092, complementary info, 0.26484239227392625, comp info red, 0.26473871018201367, JMI red, -0.0023643446028295267
index, 13, mi, 0.20384040593822395, mrmr, -0.0105318044024022, dimrmr, -0.0027057464731252453, di, 0.25691195636980224, c_ratio, -0.12050687907509006, avg dep, 0.08333352686313389, complementary info, 0.14197116859600656, comp info red, -0.06186923734221739, JMI red, 0.12050687907509006
index, 14, mi, 0.07514072167990582, mrmr, -0.23492445168948617, dimrmr, -0.09278134321801347, di, 0.3949411930123314, c_ratio, -0.0573089727444267, avg dep, 0.01783174893547912, complementary info, 0.20516907492667014, comp info red, 0.13002835324676432, JMI red, 0.0573089727444267
index, 15, mi, 0.07458184823017633, mrmr, -0.23539096756326816, dimrmr, -0.09217191279287236, di, 0.3915694546270068, c_ratio, -0.058850947454129, avg dep, 0.01573090077604733, complementary info, 0.20362710021696773, comp info red, 0.1290452519867914, JMI red, 0.058850947454129
index, 16, mi, 0.0746180482769232, mrmr, -0.23547250681692655, dimrmr, -0.0921916880352109, di, 0.3915178433416323, c_ratio, -0.05887429507165243, avg dep, 0.015743753205270772, complementary info, 0.2036037525994443, comp info red, 0.1289857043225211, JMI red, 0.05887429507165243
index, 17, mi, 0.07460356675458502, mrmr, -0.23543988560042295, dimrmr, -0.09218377649673237, di, 0.39153848661471985, c_ratio, -0.05886495656356938, avg dep, 0.015738610191015634, complementary info, 0.20361309110752734, comp info red, 0.12900952435294233, JMI red, 0.05886495656356938
index, 18, mi, 0.0010134988757222185, mrmr, -0.02474875429710488, dimrmr, -0.013312478608610361, di, 0.5379049971079821, c_ratio, 0.005090140133648502, avg dep, 0.0061036390093707205, complementary info, 0.26756818780474534, comp info red, 0.2665546889290231, JMI red, -0.005090140133648502
index, 19, mi, 0.2191221110209427, mrmr, 0.00034654253463584084, dimrmr, 8.067470252216075e-05, di, 0.23279884706486775, c_ratio, -0.13270085244008334, avg dep, 0.08642125858085936, complementary info, 0.1297771952310135, comp info red, -0.0893449157899292, JMI red, 0.13270085244008334
index, 20, mi, 0.0014817867850641653, mrmr, -0.022072224090396553, dimrmr, -0.011524666229444407, di, 0.522134343247208, c_ratio, -0.0011104433850614992, avg dep, 0.0003713434000026661, complementary info, 0.2613676042860352, comp info red, 0.25988581750097106, JMI red, 0.0011104433850614992
index, 21, mi, 0.00809659135815366, mrmr, -0.013642877003935516, dimrmr, -0.006925877188179991, di, 0.507655180515232, c_ratio, -0.006695653601015983, avg dep, 0.0014009377571376769, complementary info, 0.2557823940700807, comp info red, 0.24768580271192703, JMI red, 0.006695653601015983
index, 22, mi, 0.08153573166847417, mrmr, -0.26556013553097957, dimrmr, -0.10206552507934086, di, 0.384340536938136, c_ratio, -0.06206366203753555, avg dep, 0.019472069630938615, complementary info, 0.20041438563356118, comp info red, 0.11887865396508701, JMI red, 0.06206366203753555
index, 23, mi, 0.0975124150916018, mrmr, -0.2958235373132555, dimrmr, -0.10761492747960204, di, 0.36378081493105024, c_ratio, -0.07142934791426825, avg dep, 0.026083067177333552, complementary info, 0.1910486997568286, comp info red, 0.09353628466522679, JMI red, 0.07142934791426825
index, 24, mi, 0.06775146922176023, mrmr, 0.008378081653654612, dimrmr, 0.0035661248926798224, di, 0.425649335981852, c_ratio, -0.043469443736884605, avg dep, 0.024282025484875625, complementary info, 0.2190086039342123, comp info red, 0.15125713471245206, JMI red, 0.043469443736884605
index, 25, mi, 0.06775146922176023, mrmr, 0.008378081653654612, dimrmr, 0.0035661248926798224, di, 0.425649335981852, c_ratio, -0.043469443736884605, avg dep, 0.024282025484875625, complementary info, 0.2190086039342123, comp info red, 0.15125713471245206, JMI red, 0.043469443736884605
index, 26, mi, 0.09876251624374954, mrmr, -0.17240456527016856, dimrmr, -0.06591124068345641, di, 0.3823056575106897, c_ratio, -0.062302417123290654, avg dep, 0.03646009912045889, complementary info, 0.20017563054780607, comp info red, 0.10141311430405653, JMI red, 0.062302417123290654
index, 27, mi, 0.20365358109689957, mrmr, -0.010585717876006595, dimrmr, -0.0027211902892772307, di, 0.2570624232717399, c_ratio, -0.12043671251547472, avg dep, 0.08321686858142485, complementary info, 0.1420413351556219, comp info red, -0.06161224594127768, JMI red, 0.12043671251547472
index, 28, mi, 0.03704003929000288, mrmr, -0.015583688890099812, dimrmr, -0.008228043460383987, di, 0.5279907420130284, c_ratio, 0.0011269961713298304, avg dep, 0.03816703546133271, complementary info, 0.26360504384242667, comp info red, 0.2265650045524238, JMI red, -0.0011269961713298304
index, 29, mi, 0.03554367415064086, mrmr, -0.015378904637150304, dimrmr, -0.00814376689534685, di, 0.5295414132209537, c_ratio, 0.0017036933003642951, avg dep, 0.03724736745100515, complementary info, 0.2641817409714611, comp info red, 0.22863806682082022, JMI red, -0.0017036933003642951
index, 30, mi, 0.03704320780177894, mrmr, -0.0156946989185624, dimrmr, -0.00828530368759069, di, 0.5279045957225413, c_ratio, 0.0010947153737350113, avg dep, 0.038137923175513955, complementary info, 0.2635727630448318, comp info red, 0.22652955524305285, JMI red, -0.0010947153737350113
index, 31, mi, 0.0003436919347372669, mrmr, -0.0026113721751873653, dimrmr, -0.0013902156617863113, di, 0.5323697920180848, c_ratio, 0.002525253444142006, avg dep, 0.002868945378879273, complementary info, 0.26500330111523884, comp info red, 0.2646596091805016, JMI red, -0.002525253444142006
index, 33, mi, 4.947992971415793e-05, mrmr, -3.5403626930108345e-05, dimrmr, -1.858704072495979e-05, di, 0.5250038579847534, c_ratio, 1.6174887790709747e-05, avg dep, 6.565481750486768e-05, complementary info, 0.2624942225588875, comp info red, 0.26244474262917333, JMI red, -1.6174887790709747e-05
index, 34, mi, 0.001253747858827703, mrmr, -0.004112401449143821, dimrmr, -0.002145559723288019, di, 0.5217291526182865, c_ratio, -0.0011617287449304237, avg dep, 9.201911389727924e-05, complementary info, 0.26131631892616625, comp info red, 0.26006257106733854, JMI red, 0.0011617287449304237
index, 35, mi, 0.001260410036272197, mrmr, -0.0041262091367624265, dimrmr, -0.0021526890762596142, di, 0.5217110924117366, c_ratio, -0.0011682117714799656, avg dep, 9.219826479223148e-05, complementary info, 0.2613098358996166, comp info red, 0.2600494258633444, JMI red, 0.0011682117714799656
index, 36, mi, 0.10197379978544929, mrmr, -0.046213020099549196, dimrmr, -0.017344035482906618, di, 0.37530625450457866, c_ratio, -0.06428485489176117, avg dep, 0.037688944893688126, complementary info, 0.19819319277933545, comp info red, 0.09621939299388615, JMI red, 0.06428485489176117
index, 37, mi, 0.10397153034086437, mrmr, -0.04721722526414285, dimrmr, -0.017659948898399995, di, 0.37401496592835803, c_ratio, -0.06490801229350063, avg dep, 0.03906351804736374, complementary info, 0.197570035377596, comp info red, 0.09359850503673162, JMI red, 0.06490801229350063
index, 38, mi, 0.0887248962622127, mrmr, -0.04158228415946008, dimrmr, -0.016315727771354628, di, 0.3923720906910006, c_ratio, -0.05655835748736071, avg dep, 0.03216653877485198, complementary info, 0.2059196901837359, comp info red, 0.11719479392152321, JMI red, 0.05655835748736071
index, 39, mi, 0.08519195181926387, mrmr, -0.037620185320129784, dimrmr, -0.014519764280061376, di, 0.3859567452022133, c_ratio, -0.05893622788796049, avg dep, 0.026255723931303376, complementary info, 0.20354181978313635, comp info red, 0.11834986796387248, JMI red, 0.05893622788796049
index, 40, mi, 0.11100867555197125, mrmr, -0.048283898191387564, dimrmr, -0.017825870506825624, di, 0.369188718693911, c_ratio, -0.06722896775925247, avg dep, 0.04377970779271878, complementary info, 0.19524907991184415, comp info red, 0.0842404043598729, JMI red, 0.06722896775925247
index, 41, mi, 0.14309265874099886, mrmr, -0.02235052174347285, dimrmr, -0.007418098186531375, di, 0.33189821122174584, c_ratio, -0.08506066989531191, avg dep, 0.058031988845686944, complementary info, 0.1774173777757847, comp info red, 0.034324719034785844, JMI red, 0.08506066989531191
index, 42, mi, 0.12943620412934265, mrmr, -0.05649157345526612, dimrmr, -0.01864593436069414, di, 0.3300657641525822, c_ratio, -0.08502641159692614, avg dep, 0.0444097925324165, complementary info, 0.1774516360741707, comp info red, 0.048015431944828046, JMI red, 0.08502641159692614
round 3 , 
index, 0, mi, 0.0425810236150721, mrmr, 0.026997690536343787, dimrmr, 0.014490197811702302, di, 0.5367199017336638, c_ratio, 0.00047510757282187566, avg dep, 0.043056131187893976, complementary info, 0.2681653171390065, comp info red, 0.2255842935239344, JMI red, -0.00047510757282187566
index, 1, mi, 0.046015309177701136, mrmr, -0.012045986964074107, dimrmr, -0.006314938248942522, di, 0.5242358528011165, c_ratio, -0.004643991042548569, avg dep, 0.04137131813515257, complementary info, 0.2630462185236359, comp info red, 0.21703090934593477, JMI red, 0.0046439910425485715
index, 2, mi, 0.19894439406736475, mrmr, -0.020987118012235184, dimrmr, -0.004856565051460217, di, 0.23140695395284436, c_ratio, -0.13772340523624957, avg dep, 0.06122098883111519, complementary info, 0.1299668043299349, comp info red, -0.06897758973742985, JMI red, 0.13772340523624957
index, 4, mi, 0.20367432639058536, mrmr, -0.015652109863459523, dimrmr, -0.0035816203766937554, di, 0.22882668266053968, c_ratio, -0.13915079293323523, avg dep, 0.06452353345735011, complementary info, 0.12853941663294943, comp info red, -0.07513490975763593, JMI red, 0.13915079293323526
index, 5, mi, 0.3198890796854017, mrmr, 0.08221520346341396, dimrmr, 0.01180951672466133, di, 0.14364151917372076, c_ratio, -0.18424626048996773, avg dep, 0.13564281919543397, complementary info, 0.08344394907621695, comp info red, -0.23644513060918476, JMI red, 0.18424626048996773
index, 6, mi, 0.03848058348234207, mrmr, 0.0022041582252792305, dimrmr, 0.0012698074989690175, di, 0.5760963457186263, c_ratio, 0.014857671598508516, avg dep, 0.053338255080850584, complementary info, 0.28254788116469304, comp info red, 0.24406729768235097, JMI red, -0.014857671598508518
index, 7, mi, 0.06407145684980198, mrmr, -0.15217080883100667, dimrmr, -0.06243451361846217, di, 0.410292316233916, c_ratio, -0.0549630215356125, avg dep, 0.009108435314189478, complementary info, 0.2127271880305721, comp info red, 0.14865573118077013, JMI red, 0.0549630215356125
index, 8, mi, 0.09901956507342513, mrmr, -0.1183695745032122, dimrmr, -0.042678232532517804, di, 0.3605506965082454, c_ratio, -0.07786170293975066, avg dep, 0.02115786213367447, complementary info, 0.18982850662643402, comp info red, 0.09080894155300889, JMI red, 0.07786170293975066
index, 10, mi, 0.1981748810914019, mrmr, -0.01309443711323291, dimrmr, -0.0032068271995764524, di, 0.2448999656759368, c_ratio, -0.13085566906892432, avg dep, 0.06731921202247759, complementary info, 0.13683454049726038, comp info red, -0.061340340594141535, JMI red, 0.13085566906892432
index, 11, mi, 0.2036328390553388, mrmr, -0.015667815188902895, dimrmr, -0.0035869849240821243, di, 0.2289397009624349, c_ratio, -0.13909471565132397, avg dep, 0.06453812340401481, complementary info, 0.1285954939148607, comp info red, -0.0750373451404781, JMI red, 0.139094715651324
index, 12, mi, 0.00010368209191258249, mrmr, -0.003837260928208519, dimrmr, -0.0021016942461553963, di, 0.5477068892306478, c_ratio, 0.004170732532990569, avg dep, 0.004274414624903152, complementary info, 0.2718609420991751, comp info red, 0.2717572600072625, JMI red, -0.004170732532990569
index, 13, mi, 0.20384040593822395, mrmr, -0.015243371636475933, dimrmr, -0.0034925195820424515, di, 0.22911726259334814, c_ratio, -0.1390006622599586, avg dep, 0.06483974367826535, complementary info, 0.12868954730622587, comp info red, -0.07515085863199808, JMI red, 0.13900066225995858
index, 14, mi, 0.07514072167990582, mrmr, -0.17019277425323134, dimrmr, -0.06741879634478119, di, 0.39613195472369567, c_ratio, -0.061337093692442, avg dep, 0.013803627987463818, complementary info, 0.2063531158737427, comp info red, 0.13121239419383687, JMI red, 0.061337093692442
index, 15, mi, 0.07458184823017633, mrmr, -0.17333999909399647, dimrmr, -0.06782372110101122, di, 0.3912756516413311, c_ratio, -0.06356143220724457, avg dep, 0.011020416022931764, complementary info, 0.20412877735894, comp info red, 0.12954692912876367, JMI red, 0.06356143220724457
index, 16, mi, 0.0746180482769232, mrmr, -0.17315884638144227, dimrmr, -0.06777339108231371, di, 0.39139433242133853, c_ratio, -0.06350684849512074, avg dep, 0.011111199781802453, complementary info, 0.20418336107106383, comp info red, 0.12956531279414063, JMI red, 0.06350684849512074
index, 17, mi, 0.07460356675458502, mrmr, -0.17337247095775585, dimrmr, -0.06783033586790677, di, 0.3912405210192476, c_ratio, -0.06357737147096887, avg dep, 0.011026195283616147, complementary info, 0.20411283809521572, comp info red, 0.1295092713406307, JMI red, 0.06357737147096887
index, 18, mi, 0.0010134988757222185, mrmr, -0.016240083212244977, dimrmr, -0.00917124986938462, di, 0.5647292411943753, c_ratio, 0.011431320261624153, avg dep, 0.012444819137346371, complementary info, 0.27912152982780886, comp info red, 0.27810803095208664, JMI red, -0.011431320261624153
index, 19, mi, 0.2191221110209427, mrmr, -0.0002106323059843651, dimrmr, -4.4550074803142e-05, di, 0.2115063717075237, c_ratio, -0.14818058976188614, avg dep, 0.07094152125905658, complementary info, 0.11950961980429857, comp info red, -0.09961249121664413, JMI red, 0.1481805897618861
index, 20, mi, 0.0014817867850641653, mrmr, -0.018077297991941577, dimrmr, -0.00964736188016557, di, 0.5336727803273549, c_ratio, -0.0006689254963470429, avg dep, 0.0008128612887171224, complementary info, 0.26702128406983755, comp info red, 0.2655394972847734, JMI red, 0.0006689254963470429
index, 21, mi, 0.00809659135815366, mrmr, -0.009255651248882207, dimrmr, -0.004794555320781817, di, 0.5180138265647001, c_ratio, -0.006690232378030829, avg dep, 0.0014063589801228311, complementary info, 0.2609999771881537, comp info red, 0.25290338583000005, JMI red, 0.006690232378030829
index, 22, mi, 0.08153573166847417, mrmr, -0.19206212280918855, dimrmr, -0.07378746633821377, di, 0.38418541490099406, c_ratio, -0.06671108263262737, avg dep, 0.014824649035846793, complementary info, 0.2009791269335572, comp info red, 0.11944339526508305, JMI red, 0.06671108263262737
index, 23, mi, 0.0975124150916018, mrmr, -0.21140390511377333, dimrmr, -0.07604361953118462, di, 0.359707733356484, c_ratio, -0.07791321861633456, avg dep, 0.019599196475267238, complementary info, 0.18977699094985012, comp info red, 0.09226457585824832, JMI red, 0.07791321861633456
index, 24, mi, 0.06775146922176023, mrmr, 0.010566857661514328, dimrmr, 0.004568694597174837, di, 0.4323607588483501, c_ratio, -0.04500048774384728, avg dep, 0.022750981477912952, complementary info, 0.22268972182233746, comp info red, 0.15493825260057723, JMI red, 0.045000487743847274
index, 25, mi, 0.06775146922176023, mrmr, 0.010566857661514328, dimrmr, 0.004568694597174837, di, 0.4323607588483501, c_ratio, -0.04500048774384728, avg dep, 0.022750981477912952, complementary info, 0.22268972182233746, comp info red, 0.15493825260057723, JMI red, 0.045000487743847274
index, 26, mi, 0.09876251624374954, mrmr, -0.1216472638804671, dimrmr, -0.04526780526009631, di, 0.3721234972007041, c_ratio, -0.07148147289117383, avg dep, 0.027281043352575713, complementary info, 0.19620873667501074, comp info red, 0.0974462204312612, JMI red, 0.07148147289117383
index, 27, mi, 0.20365358109689957, mrmr, -0.015587511468215937, dimrmr, -0.003570126700985492, di, 0.22903763107185127, c_ratio, -0.13904488978011242, avg dep, 0.06460869131678715, complementary info, 0.12864531978607205, comp info red, -0.07500826131082752, JMI red, 0.13904488978011242
index, 28, mi, 0.03704003929000288, mrmr, 0.0003734427103707638, dimrmr, 0.00021371384340797123, di, 0.572280131524834, c_ratio, 0.013472832042951612, avg dep, 0.05051287133295449, complementary info, 0.28116304160913624, comp info red, 0.24412300231913336, JMI red, -0.013472832042951613
index, 29, mi, 0.03554367415064086, mrmr, -1.9323532246019737e-05, dimrmr, -1.1068919910217414e-05, di, 0.5728207332537452, c_ratio, 0.013682378027403831, avg dep, 0.04922605217804469, complementary info, 0.28137258759358846, comp info red, 0.2458289134429476, JMI red, -0.013682378027403833
index, 30, mi, 0.03704320780177894, mrmr, 0.00030906668985009045, dimrmr, 0.00017682277706461988, di, 0.5721185196320765, c_ratio, 0.013410482973440017, avg dep, 0.05045369077521896, complementary info, 0.28110069253962466, comp info red, 0.24405748473784572, JMI red, -0.013410482973440016
index, 31, mi, 0.0003436919347372669, mrmr, -0.0036614283447281197, dimrmr, -0.0020047806368653385, di, 0.5475405902048874, c_ratio, 0.0041084163317767946, avg dep, 0.0044521082665140614, complementary info, 0.27179862589796144, comp info red, 0.2714549339632242, JMI red, -0.0041084163317767946
index, 33, mi, 4.947992971415793e-05, mrmr, -1.8138010292767515e-05, dimrmr, -9.713097806968316e-06, di, 0.5355106569126488, c_ratio, 4.382292425954744e-05, avg dep, 9.330285397370537e-05, complementary info, 0.26773403249044414, comp info red, 0.26768455256073, JMI red, -4.3822924259547445e-05
index, 34, mi, 0.001253747858827703, mrmr, -0.00310904488274677, dimrmr, -0.001654253194776634, di, 0.5320776177779521, c_ratio, -0.0011824614007573582, avg dep, 7.128645807034466e-05, complementary info, 0.26650774816542716, comp info red, 0.26525400030659946, JMI red, 0.0011824614007573582
index, 35, mi, 0.001260410036272197, mrmr, -0.0031188361442410217, dimrmr, -0.0016594022264189393, di, 0.532058161979125, c_ratio, -0.0011894079196985707, avg dep, 7.100211657362632e-05, complementary info, 0.2665008016464859, comp info red, 0.2652403916102137, JMI red, 0.0011894079196985707
index, 36, mi, 0.10197379978544929, mrmr, -0.048893268733180145, dimrmr, -0.01810125006662217, di, 0.37021967513369025, c_ratio, -0.07102498169595399, avg dep, 0.030948818089495306, complementary info, 0.19666522787023047, comp info red, 0.09469142808478118, JMI red, 0.07102498169595399
index, 37, mi, 0.10397153034086437, mrmr, -0.050374998292017054, dimrmr, -0.01855459322912067, di, 0.3683294066148093, c_ratio, -0.07192771606315809, avg dep, 0.03204381427770627, complementary info, 0.19576249350302635, comp info red, 0.09179096316216198, JMI red, 0.0719277160631581
index, 38, mi, 0.0887248962622127, mrmr, -0.04322762359323554, dimrmr, -0.016836749347425014, di, 0.3894905143492484, c_ratio, -0.062256007319895376, avg dep, 0.02646888894231732, complementary info, 0.20543420224628908, comp info red, 0.11670930598407639, JMI red, 0.06225600731989537
index, 39, mi, 0.08519195181926387, mrmr, -0.036246837341476754, dimrmr, -0.013896641067121884, di, 0.3833890647121411, c_ratio, -0.06445987817299999, avg dep, 0.020732073646263876, complementary info, 0.2032303313931847, comp info red, 0.11803837957392083, JMI red, 0.06445987817299999
index, 40, mi, 0.11100867555197125, mrmr, -0.05140034216714762, dimrmr, -0.018574744166344515, di, 0.36137394000105527, c_ratio, -0.07524897780617609, avg dep, 0.03575969774579516, complementary info, 0.19244123176000838, comp info red, 0.08143255620803713, JMI red, 0.07524897780617608
index, 41, mi, 0.14309265874099886, mrmr, -0.028295464867733072, dimrmr, -0.008803875565673506, di, 0.31114087034184285, c_ratio, -0.09940726563560567, avg dep, 0.043685393105393176, complementary info, 0.16828294393057877, comp info red, 0.025190285189579914, JMI red, 0.09940726563560569
index, 42, mi, 0.12943620412934265, mrmr, -0.055993122821867275, dimrmr, -0.017806179014667193, di, 0.3180065357546598, c_ratio, -0.09517275691884597, avg dep, 0.03426344721049668, complementary info, 0.17251745264733873, comp info red, 0.04308124851799608, JMI red, 0.09517275691884597
round 4 , 
index, 1, mi, 0.046015309177701136, mrmr, 0.001498703545175284, dimrmr, 0.0006185093868683105, di, 0.41269628597293506, c_ratio, -0.0043762582509883075, avg dep, 0.04163905092671283, complementary info, 0.20703665482741804, comp info red, 0.1610213456497169, JMI red, 0.0043762582509883075
index, 2, mi, 0.19894439406736475, mrmr, 0.02648485293004585, dimrmr, 0.0048929369295631735, di, 0.1847447272026329, c_ratio, -0.11015233002598102, avg dep, 0.08879206404138373, complementary info, 0.10126058305242536, comp info red, -0.09768381101493939, JMI red, 0.11015233002598102
index, 4, mi, 0.20367432639058536, mrmr, 0.03136714188155837, dimrmr, 0.0057211023251566955, di, 0.18239157226244745, c_ratio, -0.11141813924598148, avg dep, 0.09225618714460387, complementary info, 0.09999477383242508, comp info red, -0.10367955255816028, JMI red, 0.11141813924598148
index, 5, mi, 0.3198890796854017, mrmr, 0.13425769329082637, dimrmr, 0.01576430817051721, di, 0.11741828556795532, c_ratio, -0.1454503280255127, avg dep, 0.174438751659889, complementary info, 0.0659625850528939, comp info red, -0.2539264946325078, JMI red, 0.1454503280255127
index, 6, mi, 0.03848058348234207, mrmr, 0.011244934853690186, dimrmr, 0.005098826202151107, di, 0.4534331473230238, c_ratio, 0.011840265695758273, avg dep, 0.05032084917810034, complementary info, 0.22325317877416465, comp info red, 0.18477259529182258, JMI red, -0.011840265695758273
index, 7, mi, 0.06407145684980198, mrmr, -0.10213962674207844, dimrmr, -0.033163988387791145, di, 0.32469267262486073, c_ratio, -0.04426896975607725, avg dep, 0.01980248709372473, complementary info, 0.1671439433223293, comp info red, 0.10307248647252731, JMI red, 0.04426896975607725
index, 8, mi, 0.09901956507342513, mrmr, -0.06772697477616768, dimrmr, -0.019464739228764853, di, 0.28740009860316784, c_ratio, -0.06174014477337331, avg dep, 0.037279420300051824, complementary info, 0.1496727683050333, comp info red, 0.05065320323160816, JMI red, 0.06174014477337331
index, 10, mi, 0.1981748810914019, mrmr, 0.032255350315047726, dimrmr, 0.006287130884419628, di, 0.19491745781742645, c_ratio, -0.1049780231098352, avg dep, 0.09319685798156671, complementary info, 0.1064348899685714, comp info red, -0.09173999112283052, JMI red, 0.1049780231098352
index, 11, mi, 0.2036328390553388, mrmr, 0.0313460320858939, dimrmr, 0.005719964494824208, di, 0.18247810374054527, c_ratio, -0.11137504639549031, avg dep, 0.09225779265984849, complementary info, 0.10003786668291631, comp info red, -0.10359497237242249, JMI red, 0.11137504639549031
index, 12, mi, 0.00010368209191258249, mrmr, -0.002871541397089006, dimrmr, -0.0012393746554890638, di, 0.4316060554604807, c_ratio, 0.003187912497367773, avg dep, 0.0032915945892803555, complementary info, 0.2146008255757742, comp info red, 0.21449714348386162, JMI red, -0.003187912497367773
index, 13, mi, 0.20384040593822395, mrmr, 0.03171104911935904, dimrmr, 0.0057905029302752, di, 0.18260206114531224, c_ratio, -0.11130968296149135, avg dep, 0.0925307229767326, complementary info, 0.10010323011691502, comp info red, -0.10373717582130892, JMI red, 0.11130968296149135
index, 14, mi, 0.07514072167990582, mrmr, -0.11336938808136982, dimrmr, -0.03552703271334487, di, 0.313374124308104, c_ratio, -0.0494797834484606, avg dep, 0.02566093823144522, complementary info, 0.161933129629946, comp info red, 0.08679240795004017, JMI red, 0.0494797834484606
index, 15, mi, 0.07458184823017633, mrmr, -0.11585041369307858, dimrmr, -0.03589528186873431, di, 0.30984163737068166, c_ratio, -0.051128997144245514, avg dep, 0.023452851085930815, complementary info, 0.16028391593416097, comp info red, 0.08570206770398464, JMI red, 0.051128997144245514
index, 16, mi, 0.0746180482769232, mrmr, -0.11570673796753889, dimrmr, -0.035860570705420994, di, 0.3099263822948803, c_ratio, -0.05108929356857406, avg dep, 0.023528754708349142, complementary info, 0.16032361950983243, comp info red, 0.08570557123290923, JMI red, 0.05108929356857406
index, 17, mi, 0.07460356675458502, mrmr, -0.11587008121591713, dimrmr, -0.035898200219194605, di, 0.3098142319612291, c_ratio, -0.051141692081052126, avg dep, 0.02346187467353289, complementary info, 0.16027122099735436, comp info red, 0.08566765424276934, JMI red, 0.051141692081052126
index, 18, mi, 0.0010134988757222185, mrmr, -0.012123914744437997, dimrmr, -0.005378230515241094, di, 0.4436051084661765, c_ratio, 0.00849164461654936, avg dep, 0.009505143492271578, complementary info, 0.21990455769495593, comp info red, 0.2188910588192337, JMI red, -0.00849164461654936
index, 19, mi, 0.2191221110209427, mrmr, 0.04691917951422553, dimrmr, 0.007940885855134857, di, 0.1692460511319735, c_ratio, -0.11823185715814055, avg dep, 0.10089025386280215, complementary info, 0.09318105592026607, comp info red, -0.12594105510067663, JMI red, 0.11823185715814055
index, 20, mi, 0.0014817867850641653, mrmr, -0.013616624453481413, dimrmr, -0.005735989045407981, di, 0.42124897143222884, c_ratio, -0.0006472217418572457, avg dep, 0.0008345650432069196, complementary info, 0.2107656913365492, comp info red, 0.20928390455148504, JMI red, 0.0006472217418572457
index, 21, mi, 0.00809659135815366, mrmr, -0.00523589029500128, dimrmr, -0.002145312472867045, di, 0.40973212806142656, c_ratio, -0.005299984245809658, avg dep, 0.0027966071123440017, complementary info, 0.20611292883259677, comp info red, 0.1980163374744431, JMI red, 0.005299984245809658
index, 22, mi, 0.08153573166847417, mrmr, -0.12806895876287494, dimrmr, -0.038971253654526194, di, 0.3042989810410117, c_ratio, -0.053653326722290506, avg dep, 0.02788240494618366, complementary info, 0.15775958635611598, comp info red, 0.07622385468764181, JMI red, 0.053653326722290506
index, 23, mi, 0.0975124150916018, mrmr, -0.13924529260117152, dimrmr, -0.039701909738298305, di, 0.2851220963857867, c_ratio, -0.06260001229689299, avg dep, 0.03491240279470881, complementary info, 0.1488129007815136, comp info red, 0.0513004856899118, JMI red, 0.06260001229689299
index, 24, mi, 0.06775146922176023, mrmr, 0.023357931613896432, dimrmr, 0.008042075313586996, di, 0.3442974081147875, c_ratio, -0.03523223101284542, avg dep, 0.03251923820891481, complementary info, 0.1761806820655612, comp info red, 0.10842921284380097, JMI red, 0.03523223101284542
index, 25, mi, 0.06775146922176023, mrmr, 0.023357931613896432, dimrmr, 0.008042075313586996, di, 0.3442974081147875, c_ratio, -0.03523223101284542, avg dep, 0.03251923820891481, complementary info, 0.1761806820655612, comp info red, 0.10842921284380097, JMI red, 0.03523223101284542
index, 26, mi, 0.09876251624374954, mrmr, -0.07069588746795741, dimrmr, -0.02087104597667806, di, 0.2952229149982418, c_ratio, -0.05740529342427092, avg dep, 0.04135722281947862, complementary info, 0.15400761965413556, comp info red, 0.05524510341038602, JMI red, 0.05740529342427092
index, 27, mi, 0.20365358109689957, mrmr, 0.03141092489804764, dimrmr, 0.005734082866233619, di, 0.18255058979781977, c_ratio, -0.11133819440957415, avg dep, 0.09231538668732542, complementary info, 0.10007471866883219, comp info red, -0.10357886242806738, JMI red, 0.11133819440957415
index, 28, mi, 0.03704003929000288, mrmr, 0.009363638222332646, dimrmr, 0.004223975386617219, di, 0.4511040779579535, c_ratio, 0.010942358773951388, avg dep, 0.04798239806395427, complementary info, 0.22235527185235793, comp info red, 0.18531523256235505, JMI red, -0.010942358773951388
index, 29, mi, 0.03554367415064086, mrmr, 0.008691577372719278, dimrmr, 0.003923859472048183, di, 0.451455392247236, c_ratio, 0.011086799042041573, avg dep, 0.04663047319268243, complementary info, 0.22249971212044806, comp info red, 0.1869560379698072, JMI red, -0.011086799042041573
index, 30, mi, 0.03704320780177894, mrmr, 0.009317102737488245, dimrmr, 0.004201859917452677, di, 0.45098353381315587, c_ratio, 0.01089343475663071, avg dep, 0.04793664255840965, complementary info, 0.22230634783503722, comp info red, 0.18526314003325828, JMI red, -0.01089343475663071
index, 31, mi, 0.0003436919347372669, mrmr, -0.002669170816140473, dimrmr, -0.0011512067411833305, di, 0.43129751540140654, c_ratio, 0.003072318806739305, avg dep, 0.0034160107414765717, complementary info, 0.2144852318851458, comp info red, 0.21414153995040852, JMI red, -0.003072318806739305
index, 33, mi, 4.947992971415793e-05, mrmr, -2.462929645709322e-06, dimrmr, -1.0416291202568927e-06, di, 0.42292280742631777, c_ratio, 3.5041852651671035e-05, avg dep, 8.452178236582897e-05, complementary info, 0.21144795493105814, comp info red, 0.21139847500134398, JMI red, -3.5041852651671035e-05
index, 34, mi, 0.001253747858827703, mrmr, -0.0021058603516481145, dimrmr, -0.0008851661015711349, di, 0.4203346631595848, c_ratio, -0.0009485207547238195, avg dep, 0.00030522710410388343, complementary info, 0.2104643923236826, comp info red, 0.2092106444648549, JMI red, 0.0009485207547238195
index, 35, mi, 0.001260410036272197, mrmr, -0.0021118509111104425, dimrmr, -0.0008876534454069593, di, 0.4203201280625525, c_ratio, -0.0009540422916870239, avg dep, 0.00030636774458517313, complementary info, 0.21045887078671935, comp info red, 0.20919846075044715, JMI red, 0.0009540422916870239
index, 36, mi, 0.10197379978544929, mrmr, -0.0119147936016393, dimrmr, -0.0037064753548286403, di, 0.31108179283262477, c_ratio, -0.049263742646533215, avg dep, 0.05271005713891608, complementary info, 0.16214917043187316, comp info red, 0.060175370646423865, JMI red, 0.049263742646533215
index, 37, mi, 0.10397153034086437, mrmr, -0.012499714832346964, dimrmr, -0.0038726748328657707, di, 0.30982105470470417, c_ratio, -0.049867104478705515, avg dep, 0.054104425862158856, complementary info, 0.16154580859970083, comp info red, 0.05757427825883646, JMI red, 0.049867104478705515
index, 38, mi, 0.0887248962622127, mrmr, -0.010926771069338065, dimrmr, -0.0035432366572752025, di, 0.3242711533710067, c_ratio, -0.04320366501398187, avg dep, 0.04552123124823082, complementary info, 0.1682092480644245, comp info red, 0.0794843518022118, JMI red, 0.04320366501398187
index, 39, mi, 0.08519195181926387, mrmr, -0.0060490714434855986, dimrmr, -0.0019221225015883365, di, 0.31775496777415646, c_ratio, -0.04585079675418044, avg dep, 0.03934115506508343, complementary info, 0.16556211632422616, comp info red, 0.08037016450496229, JMI red, 0.04585079675418044
index, 40, mi, 0.11100867555197125, mrmr, -0.011178198197435568, dimrmr, -0.003402988866702961, di, 0.304430893655442, c_ratio, -0.05243142209108703, avg dep, 0.058577253460884215, complementary info, 0.15898149098731934, comp info red, 0.04797281543534809, JMI red, 0.05243142209108703
index, 41, mi, 0.14309265874099886, mrmr, 0.011326848198549011, dimrmr, 0.0028485073447636843, di, 0.25148278628194054, c_ratio, -0.07777313339830283, avg dep, 0.06531952534269603, complementary info, 0.13363977968010357, comp info red, -0.009452879060895286, JMI red, 0.07777313339830283
index, 42, mi, 0.12943620412934265, mrmr, -0.009637626660790877, dimrmr, -0.0025964379746036487, di, 0.2694063659019742, c_ratio, -0.06864335731562218, avg dep, 0.060792846813720464, complementary info, 0.1427695557627844, comp info red, 0.013333351633441765, JMI red, 0.06864335731562218
